selected,selection_role,site,relative_path,sample_count,trace_count,time_window_ns,trace_interval_m,line_length_m_est,p01,p05,p50,p95,p99,shallow_rms,middle_rms,deep_rms,deep_shallow_ratio,approx_db_drop,selection_reason,caution_limitation
yes,field_visual_QC,YingShan,Line9origin(20).csv,501.0,2561.0,700.0,0.08805,225.408,-0.0127767852,-0.001917949,-9.7e-08,0.002075473,0.0114813643999998,0.0053525689748282,7.441457212286016e-05,1.8172268492336828e-05,0.0033950554542681,49.38306207466697,Site-diversity supplement with successful reconstruction,raw preview only; no ground-truth claim
yes,no_prior_QC,YaAn,测线21-1_功率30dbm_高度11m.csv,501.0,3081.0,900.0,0.11315,348.502,-0.0272535031999999,-0.0024722,-4.7e-08,0.002457162,0.028975341,0.0148576783389423,0.0001625942465359,5.6155434103635485e-05,0.0037795564571115,48.45118310535888,YaAn 30dbm representative for cross-site no-prior QC,raw preview only; no ground-truth claim
yes,field_visual_QC,YaAn,测线21-1_功率36dbm_高度11m.csv,501.0,2836.0,900.0,0.12293,348.50655,-0.01164109725,-0.000853737,1.37e-07,0.000942128,0.0108799079499998,0.0063480894192508,7.025615298878618e-05,3.2872233931168686e-05,0.0051782877902573,45.71627607046349,YaAn 36dbm representative visual/decay comparison,raw preview only; no ground-truth claim
