rms_energy,window
0.01359389716453538,shallow
0.00011200764801672363,middle
2.6890359497711024e-05,deep
0.0019781199734145625,deep_shallow_ratio
-54.074947437670275,deep_shallow_db_drop
